INSERT INTO hewan (id_hewan, nama, tanggal_lahir, jenis_kelamin, ketersediaan, id_shelter, no_catatan) VALUES (1, 'Toby 001', '2023-07-16', 'Jantan', 'tersedia', 6, 1);
INSERT INTO hewan (id_hewan, nama, tanggal_lahir, jenis_kelamin, ketersediaan, id_shelter, no_catatan) VALUES (2, 'Oreo 002', '2018-11-25', 'Jantan', 'perawatan', 5, 2);
INSERT INTO hewan (id_hewan, nama, tanggal_lahir, jenis_kelamin, ketersediaan, id_shelter, no_catatan) VALUES (3, 'Ruby 003', '2025-02-15', 'Jantan', 'diadopsi', 15, 3);
INSERT INTO hewan (id_hewan, nama, tanggal_lahir, jenis_kelamin, ketersediaan, id_shelter, no_catatan) VALUES (4, 'Bimo 004', '2017-04-26', 'Jantan', 'diadopsi', 15, 4);
INSERT INTO hewan (id_hewan, nama, tanggal_lahir, jenis_kelamin, ketersediaan, id_shelter, no_catatan) VALUES (5, 'Ruby 005', '2022-08-10', 'Jantan', 'perawatan', 9, 5);
INSERT INTO hewan (id_hewan, nama, tanggal_lahir, jenis_kelamin, ketersediaan, id_shelter, no_catatan) VALUES (6, 'Niko 006', '2018-10-08', 'Betina', 'diadopsi', 3, 6);
INSERT INTO hewan (id_hewan, nama, tanggal_lahir, jenis_kelamin, ketersediaan, id_shelter, no_catatan) VALUES (7, 'Daisy 007', '2024-04-12', 'Betina', 'perawatan', 2, 7);
INSERT INTO hewan (id_hewan, nama, tanggal_lahir, jenis_kelamin, ketersediaan, id_shelter, no_catatan) VALUES (8, 'Oreo 008', '2020-07-19', 'Betina', 'perawatan', 3, 8);
INSERT INTO hewan (id_hewan, nama, tanggal_lahir, jenis_kelamin, ketersediaan, id_shelter, no_catatan) VALUES (9, 'Ruby 009', '2018-02-01', 'Jantan', 'perawatan', 20, 9);
INSERT INTO hewan (id_hewan, nama, tanggal_lahir, jenis_kelamin, ketersediaan, id_shelter, no_catatan) VALUES (10, 'Kopi 010', '2026-03-10', 'Betina', 'diadopsi', 9, 10);
INSERT INTO hewan (id_hewan, nama, tanggal_lahir, jenis_kelamin, ketersediaan, id_shelter, no_catatan) VALUES (11, 'Daisy 011', '2025-05-01', 'Betina', 'tersedia', 3, 11);
INSERT INTO hewan (id_hewan, nama, tanggal_lahir, jenis_kelamin, ketersediaan, id_shelter, no_catatan) VALUES (12, 'Rocky 012', '2022-07-19', 'Jantan', 'perawatan', 5, 12);
INSERT INTO hewan (id_hewan, nama, tanggal_lahir, jenis_kelamin, ketersediaan, id_shelter, no_catatan) VALUES (13, 'Kiko 013', '2022-05-19', 'Jantan', 'perawatan', 20, 13);
INSERT INTO hewan (id_hewan, nama, tanggal_lahir, jenis_kelamin, ketersediaan, id_shelter, no_catatan) VALUES (14, 'Kopi 014', '2022-05-04', 'Betina', 'perawatan', 8, 14);
INSERT INTO hewan (id_hewan, nama, tanggal_lahir, jenis_kelamin, ketersediaan, id_shelter, no_catatan) VALUES (15, 'Daisy 015', '2025-12-06', 'Jantan', 'tersedia', 5, 15);
INSERT INTO hewan (id_hewan, nama, tanggal_lahir, jenis_kelamin, ketersediaan, id_shelter, no_catatan) VALUES (16, 'Bola 016', '2020-07-07', 'Jantan', 'diadopsi', 7, 16);
INSERT INTO hewan (id_hewan, nama, tanggal_lahir, jenis_kelamin, ketersediaan, id_shelter, no_catatan) VALUES (17, 'Ruby 017', '2021-07-11', 'Jantan', 'diadopsi', 12, 17);
INSERT INTO hewan (id_hewan, nama, tanggal_lahir, jenis_kelamin, ketersediaan, id_shelter, no_catatan) VALUES (18, 'Kiko 018', '2019-10-24', 'Jantan', 'perawatan', 19, 18);
INSERT INTO hewan (id_hewan, nama, tanggal_lahir, jenis_kelamin, ketersediaan, id_shelter, no_catatan) VALUES (19, 'Bella 019', '2020-10-30', 'Jantan', 'diadopsi', 2, 19);
INSERT INTO hewan (id_hewan, nama, tanggal_lahir, jenis_kelamin, ketersediaan, id_shelter, no_catatan) VALUES (20, 'Luna 020', '2022-01-21', 'Betina', 'diadopsi', 15, 20);
INSERT INTO hewan (id_hewan, nama, tanggal_lahir, jenis_kelamin, ketersediaan, id_shelter, no_catatan) VALUES (21, 'Mochi 021', '2017-06-03', 'Jantan', 'diadopsi', 14, 21);
INSERT INTO hewan (id_hewan, nama, tanggal_lahir, jenis_kelamin, ketersediaan, id_shelter, no_catatan) VALUES (22, 'Toby 022', '2023-01-17', 'Betina', 'perawatan', 17, 22);
INSERT INTO hewan (id_hewan, nama, tanggal_lahir, jenis_kelamin, ketersediaan, id_shelter, no_catatan) VALUES (23, 'Bella 023', '2021-06-11', 'Jantan', 'diadopsi', 10, 23);
INSERT INTO hewan (id_hewan, nama, tanggal_lahir, jenis_kelamin, ketersediaan, id_shelter, no_catatan) VALUES (24, 'Momo 024', '2020-04-18', 'Jantan', 'diadopsi', 3, 24);
INSERT INTO hewan (id_hewan, nama, tanggal_lahir, jenis_kelamin, ketersediaan, id_shelter, no_catatan) VALUES (25, 'Rocky 025', '2024-03-10', 'Jantan', 'diadopsi', 18, 25);
INSERT INTO hewan (id_hewan, nama, tanggal_lahir, jenis_kelamin, ketersediaan, id_shelter, no_catatan) VALUES (26, 'Milo 026', '2024-10-05', 'Betina', 'diadopsi', 13, 26);
INSERT INTO hewan (id_hewan, nama, tanggal_lahir, jenis_kelamin, ketersediaan, id_shelter, no_catatan) VALUES (27, 'Ruby 027', '2020-01-01', 'Betina', 'diadopsi', 12, 27);
INSERT INTO hewan (id_hewan, nama, tanggal_lahir, jenis_kelamin, ketersediaan, id_shelter, no_catatan) VALUES (28, 'Kiko 028', '2025-02-02', 'Jantan', 'diadopsi', 1, 28);
INSERT INTO hewan (id_hewan, nama, tanggal_lahir, jenis_kelamin, ketersediaan, id_shelter, no_catatan) VALUES (29, 'Mika 029', '2022-03-10', 'Jantan', 'tersedia', 8, 29);
INSERT INTO hewan (id_hewan, nama, tanggal_lahir, jenis_kelamin, ketersediaan, id_shelter, no_catatan) VALUES (30, 'Kopi 030', '2022-12-10', 'Jantan', 'diadopsi', 5, 30);
INSERT INTO hewan (id_hewan, nama, tanggal_lahir, jenis_kelamin, ketersediaan, id_shelter, no_catatan) VALUES (31, 'Nala 031', '2026-04-04', 'Jantan', 'tersedia', 3, 31);
INSERT INTO hewan (id_hewan, nama, tanggal_lahir, jenis_kelamin, ketersediaan, id_shelter, no_catatan) VALUES (32, 'Luna 032', '2019-08-19', 'Jantan', 'perawatan', 16, 32);
INSERT INTO hewan (id_hewan, nama, tanggal_lahir, jenis_kelamin, ketersediaan, id_shelter, no_catatan) VALUES (33, 'Luna 033', '2019-01-21', 'Betina', 'diadopsi', 4, 33);
INSERT INTO hewan (id_hewan, nama, tanggal_lahir, jenis_kelamin, ketersediaan, id_shelter, no_catatan) VALUES (34, 'Nala 034', '2018-03-31', 'Jantan', 'perawatan', 3, 34);
INSERT INTO hewan (id_hewan, nama, tanggal_lahir, jenis_kelamin, ketersediaan, id_shelter, no_catatan) VALUES (35, 'Niko 035', '2025-12-15', 'Betina', 'perawatan', 10, 35);
INSERT INTO hewan (id_hewan, nama, tanggal_lahir, jenis_kelamin, ketersediaan, id_shelter, no_catatan) VALUES (36, 'Bola 036', '2024-09-10', 'Betina', 'diadopsi', 13, 36);
INSERT INTO hewan (id_hewan, nama, tanggal_lahir, jenis_kelamin, ketersediaan, id_shelter, no_catatan) VALUES (37, 'Bella 037', '2024-05-25', 'Jantan', 'diadopsi', 3, 37);
INSERT INTO hewan (id_hewan, nama, tanggal_lahir, jenis_kelamin, ketersediaan, id_shelter, no_catatan) VALUES (38, 'Oreo 038', '2022-12-15', 'Jantan', 'tersedia', 5, 38);
INSERT INTO hewan (id_hewan, nama, tanggal_lahir, jenis_kelamin, ketersediaan, id_shelter, no_catatan) VALUES (39, 'Leo 039', '2020-10-27', 'Betina', 'tersedia', 20, 39);
INSERT INTO hewan (id_hewan, nama, tanggal_lahir, jenis_kelamin, ketersediaan, id_shelter, no_catatan) VALUES (40, 'Kopi 040', '2019-10-18', 'Jantan', 'diadopsi', 20, 40);
INSERT INTO hewan (id_hewan, nama, tanggal_lahir, jenis_kelamin, ketersediaan, id_shelter, no_catatan) VALUES (41, 'Niko 041', '2019-08-31', 'Betina', 'diadopsi', 3, 41);
INSERT INTO hewan (id_hewan, nama, tanggal_lahir, jenis_kelamin, ketersediaan, id_shelter, no_catatan) VALUES (42, 'Oreo 042', '2019-05-27', 'Betina', 'perawatan', 19, 42);
INSERT INTO hewan (id_hewan, nama, tanggal_lahir, jenis_kelamin, ketersediaan, id_shelter, no_catatan) VALUES (43, 'Mika 043', '2023-07-31', 'Betina', 'diadopsi', 5, 43);
INSERT INTO hewan (id_hewan, nama, tanggal_lahir, jenis_kelamin, ketersediaan, id_shelter, no_catatan) VALUES (44, 'Luna 044', '2018-12-12', 'Jantan', 'tersedia', 8, 44);
INSERT INTO hewan (id_hewan, nama, tanggal_lahir, jenis_kelamin, ketersediaan, id_shelter, no_catatan) VALUES (45, 'Milo 045', '2019-08-18', 'Betina', 'diadopsi', 16, 45);
INSERT INTO hewan (id_hewan, nama, tanggal_lahir, jenis_kelamin, ketersediaan, id_shelter, no_catatan) VALUES (46, 'Niko 046', '2025-05-24', 'Jantan', 'diadopsi', 9, 46);
INSERT INTO hewan (id_hewan, nama, tanggal_lahir, jenis_kelamin, ketersediaan, id_shelter, no_catatan) VALUES (47, 'Coco 047', '2020-04-14', 'Betina', 'perawatan', 10, 47);
INSERT INTO hewan (id_hewan, nama, tanggal_lahir, jenis_kelamin, ketersediaan, id_shelter, no_catatan) VALUES (48, 'Milo 048', '2019-09-19', 'Betina', 'perawatan', 20, 48);
INSERT INTO hewan (id_hewan, nama, tanggal_lahir, jenis_kelamin, ketersediaan, id_shelter, no_catatan) VALUES (49, 'Rocky 049', '2020-04-17', 'Jantan', 'diadopsi', 8, 49);
INSERT INTO hewan (id_hewan, nama, tanggal_lahir, jenis_kelamin, ketersediaan, id_shelter, no_catatan) VALUES (50, 'Chiko 050', '2021-05-28', 'Betina', 'tersedia', 3, 50);
INSERT INTO hewan (id_hewan, nama, tanggal_lahir, jenis_kelamin, ketersediaan, id_shelter, no_catatan) VALUES (51, 'Momo 051', '2021-12-25', 'Betina', 'diadopsi', 15, 51);
INSERT INTO hewan (id_hewan, nama, tanggal_lahir, jenis_kelamin, ketersediaan, id_shelter, no_catatan) VALUES (52, 'Mika 052', '2023-05-01', 'Betina', 'tersedia', 2, 52);
INSERT INTO hewan (id_hewan, nama, tanggal_lahir, jenis_kelamin, ketersediaan, id_shelter, no_catatan) VALUES (53, 'Bimo 053', '2018-10-30', 'Jantan', 'diadopsi', 18, 53);
INSERT INTO hewan (id_hewan, nama, tanggal_lahir, jenis_kelamin, ketersediaan, id_shelter, no_catatan) VALUES (54, 'Mochi 054', '2023-07-17', 'Betina', 'tersedia', 20, 54);
INSERT INTO hewan (id_hewan, nama, tanggal_lahir, jenis_kelamin, ketersediaan, id_shelter, no_catatan) VALUES (55, 'Oreo 055', '2021-01-03', 'Jantan', 'tersedia', 17, 55);
INSERT INTO hewan (id_hewan, nama, tanggal_lahir, jenis_kelamin, ketersediaan, id_shelter, no_catatan) VALUES (56, 'Oreo 056', '2022-10-18', 'Betina', 'perawatan', 12, 56);
INSERT INTO hewan (id_hewan, nama, tanggal_lahir, jenis_kelamin, ketersediaan, id_shelter, no_catatan) VALUES (57, 'Nala 057', '2020-02-14', 'Betina', 'diadopsi', 6, 57);
INSERT INTO hewan (id_hewan, nama, tanggal_lahir, jenis_kelamin, ketersediaan, id_shelter, no_catatan) VALUES (58, 'Ruby 058', '2023-07-01', 'Jantan', 'diadopsi', 20, 58);
INSERT INTO hewan (id_hewan, nama, tanggal_lahir, jenis_kelamin, ketersediaan, id_shelter, no_catatan) VALUES (59, 'Milo 059', '2017-11-08', 'Jantan', 'diadopsi', 1, 59);
INSERT INTO hewan (id_hewan, nama, tanggal_lahir, jenis_kelamin, ketersediaan, id_shelter, no_catatan) VALUES (60, 'Coco 060', '2022-09-17', 'Betina', 'diadopsi', 5, 60);
INSERT INTO hewan (id_hewan, nama, tanggal_lahir, jenis_kelamin, ketersediaan, id_shelter, no_catatan) VALUES (61, 'Daisy 061', '2025-03-06', 'Jantan', 'perawatan', 12, 61);
INSERT INTO hewan (id_hewan, nama, tanggal_lahir, jenis_kelamin, ketersediaan, id_shelter, no_catatan) VALUES (62, 'Bimo 062', '2023-10-16', 'Jantan', 'diadopsi', 6, 62);
INSERT INTO hewan (id_hewan, nama, tanggal_lahir, jenis_kelamin, ketersediaan, id_shelter, no_catatan) VALUES (63, 'Niko 063', '2025-08-05', 'Jantan', 'perawatan', 7, 63);
INSERT INTO hewan (id_hewan, nama, tanggal_lahir, jenis_kelamin, ketersediaan, id_shelter, no_catatan) VALUES (64, 'Kiko 064', '2018-12-17', 'Betina', 'tersedia', 9, 64);
INSERT INTO hewan (id_hewan, nama, tanggal_lahir, jenis_kelamin, ketersediaan, id_shelter, no_catatan) VALUES (65, 'Mika 065', '2021-04-11', 'Jantan', 'diadopsi', 18, 65);
INSERT INTO hewan (id_hewan, nama, tanggal_lahir, jenis_kelamin, ketersediaan, id_shelter, no_catatan) VALUES (66, 'Momo 066', '2020-06-10', 'Jantan', 'diadopsi', 8, 66);
INSERT INTO hewan (id_hewan, nama, tanggal_lahir, jenis_kelamin, ketersediaan, id_shelter, no_catatan) VALUES (67, 'Nala 067', '2023-01-07', 'Jantan', 'diadopsi', 5, 67);
INSERT INTO hewan (id_hewan, nama, tanggal_lahir, jenis_kelamin, ketersediaan, id_shelter, no_catatan) VALUES (68, 'Daisy 068', '2017-10-25', 'Jantan', 'perawatan', 15, 68);
INSERT INTO hewan (id_hewan, nama, tanggal_lahir, jenis_kelamin, ketersediaan, id_shelter, no_catatan) VALUES (69, 'Kiko 069', '2023-06-16', 'Jantan', 'tersedia', 1, 69);
INSERT INTO hewan (id_hewan, nama, tanggal_lahir, jenis_kelamin, ketersediaan, id_shelter, no_catatan) VALUES (70, 'Momo 070', '2023-10-05', 'Betina', 'perawatan', 2, 70);
INSERT INTO hewan (id_hewan, nama, tanggal_lahir, jenis_kelamin, ketersediaan, id_shelter, no_catatan) VALUES (71, 'Kopi 071', '2024-06-18', 'Jantan', 'diadopsi', 9, 71);
INSERT INTO hewan (id_hewan, nama, tanggal_lahir, jenis_kelamin, ketersediaan, id_shelter, no_catatan) VALUES (72, 'Bella 072', '2019-02-09', 'Jantan', 'tersedia', 14, 72);
INSERT INTO hewan (id_hewan, nama, tanggal_lahir, jenis_kelamin, ketersediaan, id_shelter, no_catatan) VALUES (73, 'Niko 073', '2020-04-30', 'Jantan', 'diadopsi', 8, 73);
INSERT INTO hewan (id_hewan, nama, tanggal_lahir, jenis_kelamin, ketersediaan, id_shelter, no_catatan) VALUES (74, 'Oreo 074', '2020-01-04', 'Betina', 'tersedia', 17, 74);
INSERT INTO hewan (id_hewan, nama, tanggal_lahir, jenis_kelamin, ketersediaan, id_shelter, no_catatan) VALUES (75, 'Rocky 075', '2025-05-20', 'Jantan', 'perawatan', 17, 75);
INSERT INTO hewan (id_hewan, nama, tanggal_lahir, jenis_kelamin, ketersediaan, id_shelter, no_catatan) VALUES (76, 'Bimo 076', '2020-02-03', 'Jantan', 'perawatan', 1, 76);
INSERT INTO hewan (id_hewan, nama, tanggal_lahir, jenis_kelamin, ketersediaan, id_shelter, no_catatan) VALUES (77, 'Kopi 077', '2021-01-11', 'Betina', 'tersedia', 17, 77);
INSERT INTO hewan (id_hewan, nama, tanggal_lahir, jenis_kelamin, ketersediaan, id_shelter, no_catatan) VALUES (78, 'Milo 078', '2020-12-31', 'Jantan', 'diadopsi', 18, 78);
INSERT INTO hewan (id_hewan, nama, tanggal_lahir, jenis_kelamin, ketersediaan, id_shelter, no_catatan) VALUES (79, 'Ruby 079', '2024-07-26', 'Jantan', 'diadopsi', 3, 79);
INSERT INTO hewan (id_hewan, nama, tanggal_lahir, jenis_kelamin, ketersediaan, id_shelter, no_catatan) VALUES (80, 'Oreo 080', '2018-02-14', 'Betina', 'diadopsi', 5, 80);
INSERT INTO hewan (id_hewan, nama, tanggal_lahir, jenis_kelamin, ketersediaan, id_shelter, no_catatan) VALUES (81, 'Niko 081', '2020-08-18', 'Jantan', 'tersedia', 13, 81);
INSERT INTO hewan (id_hewan, nama, tanggal_lahir, jenis_kelamin, ketersediaan, id_shelter, no_catatan) VALUES (82, 'Coco 082', '2018-10-21', 'Betina', 'tersedia', 2, 82);
INSERT INTO hewan (id_hewan, nama, tanggal_lahir, jenis_kelamin, ketersediaan, id_shelter, no_catatan) VALUES (83, 'Bimo 083', '2023-12-11', 'Betina', 'diadopsi', 14, 83);
INSERT INTO hewan (id_hewan, nama, tanggal_lahir, jenis_kelamin, ketersediaan, id_shelter, no_catatan) VALUES (84, 'Chiko 084', '2022-04-11', 'Jantan', 'diadopsi', 12, 84);
INSERT INTO hewan (id_hewan, nama, tanggal_lahir, jenis_kelamin, ketersediaan, id_shelter, no_catatan) VALUES (85, 'Niko 085', '2023-10-14', 'Betina', 'diadopsi', 13, 85);
INSERT INTO hewan (id_hewan, nama, tanggal_lahir, jenis_kelamin, ketersediaan, id_shelter, no_catatan) VALUES (86, 'Nala 086', '2018-08-23', 'Betina', 'tersedia', 16, 86);
INSERT INTO hewan (id_hewan, nama, tanggal_lahir, jenis_kelamin, ketersediaan, id_shelter, no_catatan) VALUES (87, 'Milo 087', '2026-03-11', 'Jantan', 'tersedia', 19, 87);
INSERT INTO hewan (id_hewan, nama, tanggal_lahir, jenis_kelamin, ketersediaan, id_shelter, no_catatan) VALUES (88, 'Leo 088', '2024-01-31', 'Jantan', 'diadopsi', 3, 88);
INSERT INTO hewan (id_hewan, nama, tanggal_lahir, jenis_kelamin, ketersediaan, id_shelter, no_catatan) VALUES (89, 'Nala 089', '2023-09-07', 'Betina', 'diadopsi', 6, 89);
INSERT INTO hewan (id_hewan, nama, tanggal_lahir, jenis_kelamin, ketersediaan, id_shelter, no_catatan) VALUES (90, 'Momo 090', '2018-05-15', 'Betina', 'tersedia', 12, 90);
INSERT INTO hewan (id_hewan, nama, tanggal_lahir, jenis_kelamin, ketersediaan, id_shelter, no_catatan) VALUES (91, 'Chiko 091', '2020-09-05', 'Betina', 'perawatan', 19, 91);
INSERT INTO hewan (id_hewan, nama, tanggal_lahir, jenis_kelamin, ketersediaan, id_shelter, no_catatan) VALUES (92, 'Daisy 092', '2020-12-16', 'Betina', 'tersedia', 18, 92);
INSERT INTO hewan (id_hewan, nama, tanggal_lahir, jenis_kelamin, ketersediaan, id_shelter, no_catatan) VALUES (93, 'Coco 093', '2018-06-24', 'Jantan', 'perawatan', 8, 93);
INSERT INTO hewan (id_hewan, nama, tanggal_lahir, jenis_kelamin, ketersediaan, id_shelter, no_catatan) VALUES (94, 'Bella 094', '2021-04-23', 'Betina', 'perawatan', 4, 94);
INSERT INTO hewan (id_hewan, nama, tanggal_lahir, jenis_kelamin, ketersediaan, id_shelter, no_catatan) VALUES (95, 'Bella 095', '2019-11-20', 'Betina', 'tersedia', 10, 95);
INSERT INTO hewan (id_hewan, nama, tanggal_lahir, jenis_kelamin, ketersediaan, id_shelter, no_catatan) VALUES (96, 'Toby 096', '2019-04-24', 'Betina', 'tersedia', 9, 96);
INSERT INTO hewan (id_hewan, nama, tanggal_lahir, jenis_kelamin, ketersediaan, id_shelter, no_catatan) VALUES (97, 'Kopi 097', '2019-02-20', 'Betina', 'perawatan', 11, 97);
INSERT INTO hewan (id_hewan, nama, tanggal_lahir, jenis_kelamin, ketersediaan, id_shelter, no_catatan) VALUES (98, 'Nala 098', '2025-08-12', 'Jantan', 'tersedia', 6, 98);
INSERT INTO hewan (id_hewan, nama, tanggal_lahir, jenis_kelamin, ketersediaan, id_shelter, no_catatan) VALUES (99, 'Rocky 099', '2020-07-22', 'Jantan', 'perawatan', 6, 99);
INSERT INTO hewan (id_hewan, nama, tanggal_lahir, jenis_kelamin, ketersediaan, id_shelter, no_catatan) VALUES (100, 'Bimo 100', '2023-03-31', 'Jantan', 'perawatan', 8, 100);
INSERT INTO hewan (id_hewan, nama, tanggal_lahir, jenis_kelamin, ketersediaan, id_shelter, no_catatan) VALUES (101, 'Oreo 101', '2025-02-07', 'Betina', 'perawatan', 19, 101);
INSERT INTO hewan (id_hewan, nama, tanggal_lahir, jenis_kelamin, ketersediaan, id_shelter, no_catatan) VALUES (102, 'Leo 102', '2019-09-23', 'Betina', 'tersedia', 16, 102);
INSERT INTO hewan (id_hewan, nama, tanggal_lahir, jenis_kelamin, ketersediaan, id_shelter, no_catatan) VALUES (103, 'Ruby 103', '2024-08-10', 'Jantan', 'perawatan', 13, 103);
INSERT INTO hewan (id_hewan, nama, tanggal_lahir, jenis_kelamin, ketersediaan, id_shelter, no_catatan) VALUES (104, 'Milo 104', '2017-08-03', 'Betina', 'tersedia', 5, 104);
INSERT INTO hewan (id_hewan, nama, tanggal_lahir, jenis_kelamin, ketersediaan, id_shelter, no_catatan) VALUES (105, 'Oreo 105', '2026-02-05', 'Betina', 'tersedia', 7, 105);
INSERT INTO hewan (id_hewan, nama, tanggal_lahir, jenis_kelamin, ketersediaan, id_shelter, no_catatan) VALUES (106, 'Ruby 106', '2018-03-30', 'Betina', 'diadopsi', 16, 106);
INSERT INTO hewan (id_hewan, nama, tanggal_lahir, jenis_kelamin, ketersediaan, id_shelter, no_catatan) VALUES (107, 'Bola 107', '2020-08-02', 'Jantan', 'tersedia', 11, 107);
INSERT INTO hewan (id_hewan, nama, tanggal_lahir, jenis_kelamin, ketersediaan, id_shelter, no_catatan) VALUES (108, 'Luna 108', '2021-08-08', 'Betina', 'perawatan', 14, 108);
INSERT INTO hewan (id_hewan, nama, tanggal_lahir, jenis_kelamin, ketersediaan, id_shelter, no_catatan) VALUES (109, 'Leo 109', '2024-11-22', 'Betina', 'tersedia', 18, 109);
INSERT INTO hewan (id_hewan, nama, tanggal_lahir, jenis_kelamin, ketersediaan, id_shelter, no_catatan) VALUES (110, 'Kopi 110', '2025-07-04', 'Betina', 'tersedia', 13, 110);
INSERT INTO hewan (id_hewan, nama, tanggal_lahir, jenis_kelamin, ketersediaan, id_shelter, no_catatan) VALUES (111, 'Mochi 111', '2021-05-28', 'Betina', 'diadopsi', 4, 111);
INSERT INTO hewan (id_hewan, nama, tanggal_lahir, jenis_kelamin, ketersediaan, id_shelter, no_catatan) VALUES (112, 'Nala 112', '2019-08-27', 'Jantan', 'diadopsi', 9, 112);
INSERT INTO hewan (id_hewan, nama, tanggal_lahir, jenis_kelamin, ketersediaan, id_shelter, no_catatan) VALUES (113, 'Nala 113', '2018-03-19', 'Jantan', 'tersedia', 5, 113);
INSERT INTO hewan (id_hewan, nama, tanggal_lahir, jenis_kelamin, ketersediaan, id_shelter, no_catatan) VALUES (114, 'Ruby 114', '2017-04-03', 'Jantan', 'tersedia', 16, 114);
INSERT INTO hewan (id_hewan, nama, tanggal_lahir, jenis_kelamin, ketersediaan, id_shelter, no_catatan) VALUES (115, 'Niko 115', '2017-12-13', 'Jantan', 'perawatan', 14, 115);
INSERT INTO hewan (id_hewan, nama, tanggal_lahir, jenis_kelamin, ketersediaan, id_shelter, no_catatan) VALUES (116, 'Nala 116', '2024-01-19', 'Betina', 'diadopsi', 9, 116);
INSERT INTO hewan (id_hewan, nama, tanggal_lahir, jenis_kelamin, ketersediaan, id_shelter, no_catatan) VALUES (117, 'Momo 117', '2024-12-18', 'Jantan', 'tersedia', 2, 117);
INSERT INTO hewan (id_hewan, nama, tanggal_lahir, jenis_kelamin, ketersediaan, id_shelter, no_catatan) VALUES (118, 'Kopi 118', '2024-03-23', 'Betina', 'diadopsi', 6, 118);
INSERT INTO hewan (id_hewan, nama, tanggal_lahir, jenis_kelamin, ketersediaan, id_shelter, no_catatan) VALUES (119, 'Leo 119', '2022-05-13', 'Jantan', 'perawatan', 4, 119);
INSERT INTO hewan (id_hewan, nama, tanggal_lahir, jenis_kelamin, ketersediaan, id_shelter, no_catatan) VALUES (120, 'Momo 120', '2019-12-16', 'Jantan', 'diadopsi', 6, 120);
INSERT INTO hewan (id_hewan, nama, tanggal_lahir, jenis_kelamin, ketersediaan, id_shelter, no_catatan) VALUES (121, 'Bola 121', '2020-07-04', 'Betina', 'tersedia', 20, 121);
INSERT INTO hewan (id_hewan, nama, tanggal_lahir, jenis_kelamin, ketersediaan, id_shelter, no_catatan) VALUES (122, 'Mika 122', '2021-06-14', 'Jantan', 'diadopsi', 1, 122);
INSERT INTO hewan (id_hewan, nama, tanggal_lahir, jenis_kelamin, ketersediaan, id_shelter, no_catatan) VALUES (123, 'Milo 123', '2024-11-16', 'Betina', 'tersedia', 15, 123);
INSERT INTO hewan (id_hewan, nama, tanggal_lahir, jenis_kelamin, ketersediaan, id_shelter, no_catatan) VALUES (124, 'Nala 124', '2025-02-10', 'Jantan', 'perawatan', 3, 124);
INSERT INTO hewan (id_hewan, nama, tanggal_lahir, jenis_kelamin, ketersediaan, id_shelter, no_catatan) VALUES (125, 'Coco 125', '2023-10-31', 'Jantan', 'tersedia', 6, 125);
INSERT INTO hewan (id_hewan, nama, tanggal_lahir, jenis_kelamin, ketersediaan, id_shelter, no_catatan) VALUES (126, 'Niko 126', '2025-08-13', 'Jantan', 'diadopsi', 3, 126);
INSERT INTO hewan (id_hewan, nama, tanggal_lahir, jenis_kelamin, ketersediaan, id_shelter, no_catatan) VALUES (127, 'Rocky 127', '2024-11-15', 'Betina', 'perawatan', 19, 127);
INSERT INTO hewan (id_hewan, nama, tanggal_lahir, jenis_kelamin, ketersediaan, id_shelter, no_catatan) VALUES (128, 'Luna 128', '2019-02-19', 'Jantan', 'tersedia', 1, 128);
INSERT INTO hewan (id_hewan, nama, tanggal_lahir, jenis_kelamin, ketersediaan, id_shelter, no_catatan) VALUES (129, 'Mochi 129', '2023-04-28', 'Jantan', 'tersedia', 13, 129);
INSERT INTO hewan (id_hewan, nama, tanggal_lahir, jenis_kelamin, ketersediaan, id_shelter, no_catatan) VALUES (130, 'Kiko 130', '2025-07-16', 'Betina', 'tersedia', 12, 130);
INSERT INTO hewan (id_hewan, nama, tanggal_lahir, jenis_kelamin, ketersediaan, id_shelter, no_catatan) VALUES (131, 'Nala 131', '2021-09-05', 'Jantan', 'tersedia', 8, 131);
INSERT INTO hewan (id_hewan, nama, tanggal_lahir, jenis_kelamin, ketersediaan, id_shelter, no_catatan) VALUES (132, 'Bella 132', '2017-02-15', 'Jantan', 'diadopsi', 11, 132);
INSERT INTO hewan (id_hewan, nama, tanggal_lahir, jenis_kelamin, ketersediaan, id_shelter, no_catatan) VALUES (133, 'Rocky 133', '2025-08-25', 'Betina', 'perawatan', 18, 133);
INSERT INTO hewan (id_hewan, nama, tanggal_lahir, jenis_kelamin, ketersediaan, id_shelter, no_catatan) VALUES (134, 'Kopi 134', '2018-01-10', 'Jantan', 'diadopsi', 7, 134);
INSERT INTO hewan (id_hewan, nama, tanggal_lahir, jenis_kelamin, ketersediaan, id_shelter, no_catatan) VALUES (135, 'Oreo 135', '2019-04-15', 'Betina', 'diadopsi', 10, 135);
INSERT INTO hewan (id_hewan, nama, tanggal_lahir, jenis_kelamin, ketersediaan, id_shelter, no_catatan) VALUES (136, 'Luna 136', '2021-05-04', 'Jantan', 'diadopsi', 19, 136);
INSERT INTO hewan (id_hewan, nama, tanggal_lahir, jenis_kelamin, ketersediaan, id_shelter, no_catatan) VALUES (137, 'Leo 137', '2020-12-20', 'Betina', 'perawatan', 16, 137);
INSERT INTO hewan (id_hewan, nama, tanggal_lahir, jenis_kelamin, ketersediaan, id_shelter, no_catatan) VALUES (138, 'Toby 138', '2018-06-21', 'Betina', 'diadopsi', 15, 138);
INSERT INTO hewan (id_hewan, nama, tanggal_lahir, jenis_kelamin, ketersediaan, id_shelter, no_catatan) VALUES (139, 'Rocky 139', '2018-12-11', 'Betina', 'tersedia', 6, 139);
INSERT INTO hewan (id_hewan, nama, tanggal_lahir, jenis_kelamin, ketersediaan, id_shelter, no_catatan) VALUES (140, 'Toby 140', '2024-04-22', 'Jantan', 'perawatan', 20, 140);
INSERT INTO hewan (id_hewan, nama, tanggal_lahir, jenis_kelamin, ketersediaan, id_shelter, no_catatan) VALUES (141, 'Niko 141', '2024-11-11', 'Betina', 'diadopsi', 3, 141);
INSERT INTO hewan (id_hewan, nama, tanggal_lahir, jenis_kelamin, ketersediaan, id_shelter, no_catatan) VALUES (142, 'Daisy 142', '2021-12-16', 'Betina', 'perawatan', 5, 142);
INSERT INTO hewan (id_hewan, nama, tanggal_lahir, jenis_kelamin, ketersediaan, id_shelter, no_catatan) VALUES (143, 'Leo 143', '2018-04-22', 'Betina', 'tersedia', 11, 143);
INSERT INTO hewan (id_hewan, nama, tanggal_lahir, jenis_kelamin, ketersediaan, id_shelter, no_catatan) VALUES (144, 'Mochi 144', '2022-06-10', 'Betina', 'diadopsi', 5, 144);
INSERT INTO hewan (id_hewan, nama, tanggal_lahir, jenis_kelamin, ketersediaan, id_shelter, no_catatan) VALUES (145, 'Momo 145', '2017-11-21', 'Betina', 'diadopsi', 18, 145);
INSERT INTO hewan (id_hewan, nama, tanggal_lahir, jenis_kelamin, ketersediaan, id_shelter, no_catatan) VALUES (146, 'Ruby 146', '2021-03-09', 'Jantan', 'diadopsi', 19, 146);
INSERT INTO hewan (id_hewan, nama, tanggal_lahir, jenis_kelamin, ketersediaan, id_shelter, no_catatan) VALUES (147, 'Chiko 147', '2022-11-03', 'Jantan', 'tersedia', 20, 147);
INSERT INTO hewan (id_hewan, nama, tanggal_lahir, jenis_kelamin, ketersediaan, id_shelter, no_catatan) VALUES (148, 'Bella 148', '2021-08-11', 'Jantan', 'perawatan', 3, 148);
INSERT INTO hewan (id_hewan, nama, tanggal_lahir, jenis_kelamin, ketersediaan, id_shelter, no_catatan) VALUES (149, 'Oreo 149', '2019-11-29', 'Betina', 'diadopsi', 19, 149);
INSERT INTO hewan (id_hewan, nama, tanggal_lahir, jenis_kelamin, ketersediaan, id_shelter, no_catatan) VALUES (150, 'Niko 150', '2025-03-27', 'Jantan', 'tersedia', 2, 150);
INSERT INTO anjing (id_hewan, ras) VALUES (1, 'Shih Tzu');
INSERT INTO anjing (id_hewan, ras) VALUES (2, 'Labrador Retriever');
INSERT INTO anjing (id_hewan, ras) VALUES (3, 'Siberian Husky');
INSERT INTO anjing (id_hewan, ras) VALUES (4, 'Poodle');
INSERT INTO anjing (id_hewan, ras) VALUES (5, 'Shih Tzu');
INSERT INTO anjing (id_hewan, ras) VALUES (6, 'Dachshund');
INSERT INTO anjing (id_hewan, ras) VALUES (7, 'Beagle');
INSERT INTO anjing (id_hewan, ras) VALUES (8, 'Golden Retriever');
INSERT INTO anjing (id_hewan, ras) VALUES (9, 'Mixed Breed');
INSERT INTO anjing (id_hewan, ras) VALUES (10, 'Siberian Husky');
INSERT INTO anjing (id_hewan, ras) VALUES (11, 'Golden Retriever');
INSERT INTO anjing (id_hewan, ras) VALUES (12, 'Beagle');
INSERT INTO anjing (id_hewan, ras) VALUES (13, 'Poodle');
INSERT INTO anjing (id_hewan, ras) VALUES (14, 'Shih Tzu');
INSERT INTO anjing (id_hewan, ras) VALUES (15, 'Poodle');
INSERT INTO anjing (id_hewan, ras) VALUES (16, 'Shih Tzu');
INSERT INTO anjing (id_hewan, ras) VALUES (17, 'Beagle');
INSERT INTO anjing (id_hewan, ras) VALUES (18, 'Dachshund');
INSERT INTO anjing (id_hewan, ras) VALUES (19, 'German Shepherd');
INSERT INTO anjing (id_hewan, ras) VALUES (20, 'Shih Tzu');
INSERT INTO anjing (id_hewan, ras) VALUES (21, 'Labrador Retriever');
INSERT INTO anjing (id_hewan, ras) VALUES (22, 'Dachshund');
INSERT INTO anjing (id_hewan, ras) VALUES (23, 'Pomeranian');
INSERT INTO anjing (id_hewan, ras) VALUES (24, 'Pomeranian');
INSERT INTO anjing (id_hewan, ras) VALUES (25, 'Shih Tzu');
INSERT INTO anjing (id_hewan, ras) VALUES (26, 'Siberian Husky');
INSERT INTO anjing (id_hewan, ras) VALUES (27, 'Mixed Breed');
INSERT INTO anjing (id_hewan, ras) VALUES (28, 'Poodle');
INSERT INTO anjing (id_hewan, ras) VALUES (29, 'Mixed Breed');
INSERT INTO anjing (id_hewan, ras) VALUES (30, 'Shih Tzu');
INSERT INTO anjing (id_hewan, ras) VALUES (31, 'Poodle');
INSERT INTO anjing (id_hewan, ras) VALUES (32, 'Labrador Retriever');
INSERT INTO anjing (id_hewan, ras) VALUES (33, 'German Shepherd');
INSERT INTO anjing (id_hewan, ras) VALUES (34, 'Pomeranian');
INSERT INTO anjing (id_hewan, ras) VALUES (35, 'Siberian Husky');
INSERT INTO anjing (id_hewan, ras) VALUES (36, 'German Shepherd');
INSERT INTO anjing (id_hewan, ras) VALUES (37, 'Beagle');
INSERT INTO anjing (id_hewan, ras) VALUES (38, 'Labrador Retriever');
INSERT INTO anjing (id_hewan, ras) VALUES (39, 'Labrador Retriever');
INSERT INTO anjing (id_hewan, ras) VALUES (40, 'Pomeranian');
INSERT INTO anjing (id_hewan, ras) VALUES (41, 'Mixed Breed');
INSERT INTO anjing (id_hewan, ras) VALUES (42, 'Labrador Retriever');
INSERT INTO anjing (id_hewan, ras) VALUES (43, 'German Shepherd');
INSERT INTO anjing (id_hewan, ras) VALUES (44, 'Mixed Breed');
INSERT INTO anjing (id_hewan, ras) VALUES (45, 'Shih Tzu');
INSERT INTO anjing (id_hewan, ras) VALUES (46, 'Pomeranian');
INSERT INTO anjing (id_hewan, ras) VALUES (47, 'Pomeranian');
INSERT INTO anjing (id_hewan, ras) VALUES (48, 'Beagle');
INSERT INTO anjing (id_hewan, ras) VALUES (49, 'Golden Retriever');
INSERT INTO anjing (id_hewan, ras) VALUES (50, 'Pomeranian');
INSERT INTO kucing (id_hewan, tipe_tinggal) VALUES (51, 'outdoor');
INSERT INTO kucing (id_hewan, tipe_tinggal) VALUES (52, 'indoor-outdoor');
INSERT INTO kucing (id_hewan, tipe_tinggal) VALUES (53, 'indoor');
INSERT INTO kucing (id_hewan, tipe_tinggal) VALUES (54, 'indoor');
INSERT INTO kucing (id_hewan, tipe_tinggal) VALUES (55, 'indoor');
INSERT INTO kucing (id_hewan, tipe_tinggal) VALUES (56, 'outdoor');
INSERT INTO kucing (id_hewan, tipe_tinggal) VALUES (57, 'outdoor');
INSERT INTO kucing (id_hewan, tipe_tinggal) VALUES (58, 'outdoor');
INSERT INTO kucing (id_hewan, tipe_tinggal) VALUES (59, 'indoor-outdoor');
INSERT INTO kucing (id_hewan, tipe_tinggal) VALUES (60, 'indoor-outdoor');
INSERT INTO kucing (id_hewan, tipe_tinggal) VALUES (61, 'outdoor');
INSERT INTO kucing (id_hewan, tipe_tinggal) VALUES (62, 'indoor');
INSERT INTO kucing (id_hewan, tipe_tinggal) VALUES (63, 'outdoor');
INSERT INTO kucing (id_hewan, tipe_tinggal) VALUES (64, 'outdoor');
INSERT INTO kucing (id_hewan, tipe_tinggal) VALUES (65, 'indoor-outdoor');
INSERT INTO kucing (id_hewan, tipe_tinggal) VALUES (66, 'indoor-outdoor');
INSERT INTO kucing (id_hewan, tipe_tinggal) VALUES (67, 'outdoor');
INSERT INTO kucing (id_hewan, tipe_tinggal) VALUES (68, 'outdoor');
INSERT INTO kucing (id_hewan, tipe_tinggal) VALUES (69, 'indoor');
INSERT INTO kucing (id_hewan, tipe_tinggal) VALUES (70, 'indoor-outdoor');
INSERT INTO kucing (id_hewan, tipe_tinggal) VALUES (71, 'outdoor');
INSERT INTO kucing (id_hewan, tipe_tinggal) VALUES (72, 'indoor');
INSERT INTO kucing (id_hewan, tipe_tinggal) VALUES (73, 'outdoor');
INSERT INTO kucing (id_hewan, tipe_tinggal) VALUES (74, 'indoor-outdoor');
INSERT INTO kucing (id_hewan, tipe_tinggal) VALUES (75, 'indoor');
INSERT INTO kucing (id_hewan, tipe_tinggal) VALUES (76, 'outdoor');
INSERT INTO kucing (id_hewan, tipe_tinggal) VALUES (77, 'indoor');
INSERT INTO kucing (id_hewan, tipe_tinggal) VALUES (78, 'outdoor');
INSERT INTO kucing (id_hewan, tipe_tinggal) VALUES (79, 'outdoor');
INSERT INTO kucing (id_hewan, tipe_tinggal) VALUES (80, 'indoor-outdoor');
INSERT INTO kucing (id_hewan, tipe_tinggal) VALUES (81, 'outdoor');
INSERT INTO kucing (id_hewan, tipe_tinggal) VALUES (82, 'indoor-outdoor');
INSERT INTO kucing (id_hewan, tipe_tinggal) VALUES (83, 'indoor-outdoor');
INSERT INTO kucing (id_hewan, tipe_tinggal) VALUES (84, 'indoor-outdoor');
INSERT INTO kucing (id_hewan, tipe_tinggal) VALUES (85, 'outdoor');
INSERT INTO kucing (id_hewan, tipe_tinggal) VALUES (86, 'outdoor');
INSERT INTO kucing (id_hewan, tipe_tinggal) VALUES (87, 'indoor-outdoor');
INSERT INTO kucing (id_hewan, tipe_tinggal) VALUES (88, 'indoor');
INSERT INTO kucing (id_hewan, tipe_tinggal) VALUES (89, 'outdoor');
INSERT INTO kucing (id_hewan, tipe_tinggal) VALUES (90, 'outdoor');
INSERT INTO kucing (id_hewan, tipe_tinggal) VALUES (91, 'indoor');
INSERT INTO kucing (id_hewan, tipe_tinggal) VALUES (92, 'indoor');
INSERT INTO kucing (id_hewan, tipe_tinggal) VALUES (93, 'outdoor');
INSERT INTO kucing (id_hewan, tipe_tinggal) VALUES (94, 'indoor');
INSERT INTO kucing (id_hewan, tipe_tinggal) VALUES (95, 'outdoor');
INSERT INTO kucing (id_hewan, tipe_tinggal) VALUES (96, 'indoor-outdoor');
INSERT INTO kucing (id_hewan, tipe_tinggal) VALUES (97, 'indoor');
INSERT INTO kucing (id_hewan, tipe_tinggal) VALUES (98, 'indoor');
INSERT INTO kucing (id_hewan, tipe_tinggal) VALUES (99, 'indoor-outdoor');
INSERT INTO kucing (id_hewan, tipe_tinggal) VALUES (100, 'indoor');
INSERT INTO hewan_eksotis (id_hewan, jenis) VALUES (101, 'Landak Mini');
INSERT INTO hewan_eksotis (id_hewan, jenis) VALUES (102, 'Gecko');
INSERT INTO hewan_eksotis (id_hewan, jenis) VALUES (103, 'Sugar Glider');
INSERT INTO hewan_eksotis (id_hewan, jenis) VALUES (104, 'Sugar Glider');
INSERT INTO hewan_eksotis (id_hewan, jenis) VALUES (105, 'Burung Parkit');
INSERT INTO hewan_eksotis (id_hewan, jenis) VALUES (106, 'Chinchilla');
INSERT INTO hewan_eksotis (id_hewan, jenis) VALUES (107, 'Iguana');
INSERT INTO hewan_eksotis (id_hewan, jenis) VALUES (108, 'Iguana');
INSERT INTO hewan_eksotis (id_hewan, jenis) VALUES (109, 'Gecko');
INSERT INTO hewan_eksotis (id_hewan, jenis) VALUES (110, 'Gecko');
INSERT INTO hewan_eksotis (id_hewan, jenis) VALUES (111, 'Chinchilla');
INSERT INTO hewan_eksotis (id_hewan, jenis) VALUES (112, 'Chinchilla');
INSERT INTO hewan_eksotis (id_hewan, jenis) VALUES (113, 'Chinchilla');
INSERT INTO hewan_eksotis (id_hewan, jenis) VALUES (114, 'Gecko');
INSERT INTO hewan_eksotis (id_hewan, jenis) VALUES (115, 'Kelinci');
INSERT INTO hewan_eksotis (id_hewan, jenis) VALUES (116, 'Sugar Glider');
INSERT INTO hewan_eksotis (id_hewan, jenis) VALUES (117, 'Kura-kura');
INSERT INTO hewan_eksotis (id_hewan, jenis) VALUES (118, 'Burung Parkit');
INSERT INTO hewan_eksotis (id_hewan, jenis) VALUES (119, 'Iguana');
INSERT INTO hewan_eksotis (id_hewan, jenis) VALUES (120, 'Kura-kura');
INSERT INTO hewan_eksotis (id_hewan, jenis) VALUES (121, 'Kelinci');
INSERT INTO hewan_eksotis (id_hewan, jenis) VALUES (122, 'Burung Parkit');
INSERT INTO hewan_eksotis (id_hewan, jenis) VALUES (123, 'Burung Parkit');
INSERT INTO hewan_eksotis (id_hewan, jenis) VALUES (124, 'Burung Parkit');
INSERT INTO hewan_eksotis (id_hewan, jenis) VALUES (125, 'Sugar Glider');
INSERT INTO hewan_eksotis (id_hewan, jenis) VALUES (126, 'Ular Jagung');
INSERT INTO hewan_eksotis (id_hewan, jenis) VALUES (127, 'Gecko');
INSERT INTO hewan_eksotis (id_hewan, jenis) VALUES (128, 'Sugar Glider');
INSERT INTO hewan_eksotis (id_hewan, jenis) VALUES (129, 'Iguana');
INSERT INTO hewan_eksotis (id_hewan, jenis) VALUES (130, 'Kura-kura');
INSERT INTO hewan_eksotis (id_hewan, jenis) VALUES (131, 'Kura-kura');
INSERT INTO hewan_eksotis (id_hewan, jenis) VALUES (132, 'Gecko');
INSERT INTO hewan_eksotis (id_hewan, jenis) VALUES (133, 'Kelinci');
INSERT INTO hewan_eksotis (id_hewan, jenis) VALUES (134, 'Landak Mini');
INSERT INTO hewan_eksotis (id_hewan, jenis) VALUES (135, 'Landak Mini');
INSERT INTO hewan_eksotis (id_hewan, jenis) VALUES (136, 'Kura-kura');
INSERT INTO hewan_eksotis (id_hewan, jenis) VALUES (137, 'Hamster');
INSERT INTO hewan_eksotis (id_hewan, jenis) VALUES (138, 'Kura-kura');
INSERT INTO hewan_eksotis (id_hewan, jenis) VALUES (139, 'Landak Mini');
INSERT INTO hewan_eksotis (id_hewan, jenis) VALUES (140, 'Sugar Glider');
INSERT INTO hewan_eksotis (id_hewan, jenis) VALUES (141, 'Iguana');
INSERT INTO hewan_eksotis (id_hewan, jenis) VALUES (142, 'Kelinci');
INSERT INTO hewan_eksotis (id_hewan, jenis) VALUES (143, 'Burung Parkit');
INSERT INTO hewan_eksotis (id_hewan, jenis) VALUES (144, 'Kelinci');
INSERT INTO hewan_eksotis (id_hewan, jenis) VALUES (145, 'Ular Jagung');
INSERT INTO hewan_eksotis (id_hewan, jenis) VALUES (146, 'Iguana');
INSERT INTO hewan_eksotis (id_hewan, jenis) VALUES (147, 'Sugar Glider');
INSERT INTO hewan_eksotis (id_hewan, jenis) VALUES (148, 'Gecko');
INSERT INTO hewan_eksotis (id_hewan, jenis) VALUES (149, 'Chinchilla');
INSERT INTO hewan_eksotis (id_hewan, jenis) VALUES (150, 'Gecko');
